Workbook

Sheet Hoja1
A1: SSNN FINAL | B1: DEPARTAMENTO | C1: TIPO | D1: DNI | E1: MES | F1: QVENTAS | G1: Urs | H1: ACELERADOR | I1: PLANILLA | J1: BONO | K1: CAMPAÑA | L1: OTROS | M1: PAGO TOTAL | N1: SS
A2: D&D | B2: ICA | C2: DESARROLLADOR | D2: 07339926 | E2: 202408 | F2: 305 | G2: 176 | H2: =IFERROR(VLOOKUP(Tabla1[[#This Row],[DNI]],Hoja3!B:G,2,0),0) -> 223 | I2: =IFERROR(VLOOKUP(Tabla1[[#This Row],[DNI]],Hoja3!B:G,3,0),0) -> 505 | J2: =IFERROR(VLOOKUP(Tabla1[[#This Row],[DNI]],Hoja3!B:G,4,0),0) -> 0 | K2: =0 -> 0 | L2: =IFERROR(VLOOKUP(Tabla1[[#This Row],[DNI]],Hoja3!B:G,5,0),0) -> 0 | M2: =IFERROR(VLOOKUP(Tabla1[[#This Row],[DNI]],Hoja3!B:G,6,0),0) -> 728 | N2: =IFERROR(VLOOKUP(Tabla1[[#This Row],[DNI]],Hoja2!A:C,3,0),0) -> 11
A3: GRUPO CAYAO | B3: LIMA | C3: DESARROLLADOR | D3: 45979464 | E3: 202408 | F3: 226 | G3: 57 | H3: =IFERROR(VLOOKUP(Tabla1[[#This Row],[DNI]],Hoja3!B:G,2,0),0) -> 780 | I3: =IFERROR(VLOOKUP(Tabla1[[#This Row],[DNI]],Hoja3!B:G,3,0),0) -> 1746 | J3: =IFERROR(VLOOKUP(Tabla1[[#This Row],[DNI]],Hoja3!B:G,4,0),0) -> 0 | K3: =0 -> 0 | L3: =IFERROR(VLOOKUP(Tabla1[[#This Row],[DNI]],Hoja3!B:G,5,0),0) -> 0 | M3: =IFERROR(VLOOKUP(Tabla1[[#This Row],[DNI]],Hoja3!B:G,6,0),0) -> 2526 | N3: =IFERROR(VLOOKUP(Tabla1[[#This Row],[DNI]],Hoja2!A:C,3,0),0) -> 14
A4: GRUPO CAYAO | B4: LIMA | C4: DESARROLLADOR | D4: 42193964 | E4: 202408 | F4: 423 | G4: 94 | H4: =IFERROR(VLOOKUP(Tabla1[[#This Row],[DNI]],Hoja3!B:G,2,0),0) -> 1685 | I4: =IFERROR(VLOOKUP(Tabla1[[#This Row],[DNI]],Hoja3!B:G,3,0),0) -> 2810 | J4: =IFERROR(VLOOKUP(Tabla1[[#This Row],[DNI]],Hoja3!B:G,4,0),0) -> 0 | K4: =0 -> 0 | L4: =IFERROR(VLOOKUP(Tabla1[[#This Row],[DNI]],Hoja3!B:G,5,0),0) -> 0 | M4: =IFERROR(VLOOKUP(Tabla1[[#This Row],[DNI]],Hoja3!B:G,6,0),0) -> 4495 | N4: =IFERROR(VLOOKUP(Tabla1[[#This Row],[DNI]],Hoja2!A:C,3,0),0) -> 22
A5: GRUPO CAYAO | B5: LIMA | C5: DESARROLLADOR | D5: 41783721 | E5: 202408 | F5: 317 | G5: 80 | H5: =IFERROR(VLOOKUP(Tabla1[[#This Row],[DNI]],Hoja3!B:G,2,0),0) -> 892 | I5: =IFERROR(VLOOKUP(Tabla1[[#This Row],[DNI]],Hoja3!B:G,3,0),0) -> 2428 | J5: =IFERROR(VLOOKUP(Tabla1[[#This Row],[DNI]],Hoja3!B:G,4,0),0) -> 0 | K5: =0 -> 0 | L5: =IFERROR(VLOOKUP(Tabla1[[#This Row],[DNI]],Hoja3!B:G,5,0),0) -> 0 | M5: =IFERROR(VLOOKUP(Tabla1[[#This Row],[DNI]],Hoja3!B:G,6,0),0) -> 3320 | N5: =IFERROR(VLOOKUP(Tabla1[[#This Row],[DNI]],Hoja2!A:C,3,0),0) -> 17
A6: PBD | B6: LIMA | C6: DESARROLLADOR | D6: 45096335 | E6: 202408 | F6: 198 | G6: 67 | H6: =IFERROR(VLOOKUP(Tabla1[[#This Row],[DNI]],Hoja3!B:G,2,0),0) -> 263 | I6: =IFERROR(VLOOKUP(Tabla1[[#This Row],[DNI]],Hoja3!B:G,3,0),0) -> 2006 | J6: =IFERROR(VLOOKUP(Tabla1[[#This Row],[DNI]],Hoja3!B:G,4,0),0) -> 0 | K6: =0 -> 0 | L6: =IFERROR(VLOOKUP(Tabla1[[#This Row],[DNI]],Hoja3!B:G,5,0),0) -> 0 | M6: =IFERROR(VLOOKUP(Tabla1[[#This Row],[DNI]],Hoja3!B:G,6,0),0) -> 2269 | N6: =IFERROR(VLOOKUP(Tabla1[[#This Row],[DNI]],Hoja2!A:C,3,0),0) -> 14
A7: GRUPO CAYAO | B7: CAJAMARCA | C7: DESARROLLADOR | D7: 73647869 | E7: 202408 | F7: 313 | G7: 97 | H7: =IFERROR(VLOOKUP(Tabla1[[#This Row],[DNI]],Hoja3!B:G,2,0),0) -> 700 | I7: =IFERROR(VLOOKUP(Tabla1[[#This Row],[DNI]],Hoja3!B:G,3,0),0) -> 4143 | J7: =IFERROR(VLOOKUP(Tabla1[[#This Row],[DNI]],Hoja3!B:G,4,0),0) -> 0 | K7: =0 -> 0 | L7: =IFERROR(VLOOKUP(Tabla1[[#This Row],[DNI]],Hoja3!B:G,5,0),0) -> 0 | M7: =IFERROR(VLOOKUP(Tabla1[[#This Row],[DNI]],Hoja3!B:G,6,0),0) -> 4843 | N7: =IFERROR(VLOOKUP(Tabla1[[#This Row],[DNI]],Hoja2!A:C,3,0),0) -> 31
A8: PBD | B8: LIMA | C8: DESARROLLADOR | D8: 002337284 | E8: 202408 | F8: 125 | G8: 53 | H8: =IFERROR(VLOOKUP(Tabla1[[#This Row],[DNI]],Hoja3!B:G,2,0),0) -> 47 | I8: =IFERROR(VLOOKUP(Tabla1[[#This Row],[DNI]],Hoja3!B:G,3,0),0) -> 885 | J8: =IFERROR(VLOOKUP(Tabla1[[#This Row],[DNI]],Hoja3!B:G,4,0),0) -> 0 | K8: =0 -> 0 | L8: =IFERROR(VLOOKUP(Tabla1[[#This Row],[DNI]],Hoja3!B:G,5,0),0) -> 0 | M8: =IFERROR(VLOOKUP(Tabla1[[#This Row],[DNI]],Hoja3!B:G,6,0),0) -> 932 | N8: =IFERROR(VLOOKUP(Tabla1[[#This Row],[DNI]],Hoja2!A:C,3,0),0) -> 6
A9: PBD | B9: LIMA | C9: DESARROLLADOR | D9: 44188901 | E9: 202408 | F9: 4 | G9: 1 | H9: =IFERROR(VLOOKUP(Tabla1[[#This Row],[DNI]],Hoja3!B:G,2,0),0) -> 0 | I9: =IFERROR(VLOOKUP(Tabla1[[#This Row],[DNI]],Hoja3!B:G,3,0),0) -> 100 | J9: =IFERROR(VLOOKUP(Tabla1[[#This Row],[DNI]],Hoja3!B:G,4,0),0) -> 0 | K9: =0 -> 0 | L9: =IFERROR(VLOOKUP(Tabla1[[#This Row],[DNI]],Hoja3!B:G,5,0),0) -> 0 | M9: =IFERROR(VLOOKUP(Tabla1[[#This Row],[DNI]],Hoja3!B:G,6,0),0) -> 100 | N9: =IFERROR(VLOOKUP(Tabla1[[#This Row],[DNI]],Hoja2!A:C,3,0),0) -> 0
A10: GRUPO CAYAO | B10: LIMA | C10: DESARROLLADOR | D10: 728656000 | E10: 202408 | F10: 88 | G10: 37 | H10: =IFERROR(VLOOKUP(Tabla1[[#This Row],[DNI]],Hoja3!B:G,2,0),0) -> 36 | I10: =IFERROR(VLOOKUP(Tabla1[[#This Row],[DNI]],Hoja3!B:G,3,0),0) -> 108 | J10: =IFERROR(VLOOKUP(Tabla1[[#This Row],[DNI]],Hoja3!B:G,4,0),0) -> 0 | K10: =0 -> 0 | L10: =IFERROR(VLOOKUP(Tabla1[[#This Row],[DNI]],Hoja3!B:G,5,0),0) -> 0 | M10: =IFERROR(VLOOKUP(Tabla1[[#This Row],[DNI]],Hoja3!B:G,6,0),0) -> 144 | N10: =IFERROR(VLOOKUP(Tabla1[[#This Row],[DNI]],Hoja2!A:C,3,0),0) -> 0
A11: GRUPO CAYAO | B11: LA LIBERTAD | C11: DESARROLLADOR | D11: 44589388 | E11: 202408 | F11: 370 | G11: 75 | H11: =IFERROR(VLOOKUP(Tabla1[[#This Row],[DNI]],Hoja3!B:G,2,0),0) -> 1252 | I11: =IFERROR(VLOOKUP(Tabla1[[#This Row],[DNI]],Hoja3!B:G,3,0),0) -> 2655 | J11: =IFERROR(VLOOKUP(Tabla1[[#This Row],[DNI]],Hoja3!B:G,4,0),0) -> 0 | K11: =0 -> 0 | L11: =IFERROR(VLOOKUP(Tabla1[[#This Row],[DNI]],Hoja3!B:G,5,0),0) -> 0 | M11: =IFERROR(VLOOKUP(Tabla1[[#This Row],[DNI]],Hoja3!B:G,6,0),0) -> 3907 | N11: =IFERROR(VLOOKUP(Tabla1[[#This Row],[DNI]],Hoja2!A:C,3,0),0) -> 14
A12: GRUPO CAYAO | B12: LIMA | C12: DESARROLLADOR | D12: 46332318 | E12: 202408 | F12: 21 | G12: 7 | H12: =IFERROR(VLOOKUP(Tabla1[[#This Row],[DNI]],Hoja3!B:G,2,0),0) -> 24 | I12: =IFERROR(VLOOKUP(Tabla1[[#This Row],[DNI]],Hoja3!B:G,3,0),0) -> 5 | J12: =IFERROR(VLOOKUP(Tabla1[[#This Row],[DNI]],Hoja3!B:G,4,0),0) -> 0 | K12: =0 -> 0 | L12: =IFERROR(VLOOKUP(Tabla1[[#This Row],[DNI]],Hoja3!B:G,5,0),0) -> 0 | M12: =IFERROR(VLOOKUP(Tabla1[[#This Row],[DNI]],Hoja3!B:G,6,0),0) -> 29 | N12: =IFERROR(VLOOKUP(Tabla1[[#This Row],[DNI]],Hoja2!A:C,3,0),0) -> 0
A13: FANERO | B13: HUANUCO | C13: DESARROLLADOR | D13: 41337882 | E13: 202408 | F13: 175 | G13: 34 | H13: =IFERROR(VLOOKUP(Tabla1[[#This Row],[DNI]],Hoja3!B:G,2,0),0) -> 180 | I13: =IFERROR(VLOOKUP(Tabla1[[#This Row],[DNI]],Hoja3!B:G,3,0),0) -> 1257 | J13: =IFERROR(VLOOKUP(Tabla1[[#This Row],[DNI]],Hoja3!B:G,4,0),0) -> 0 | K13: =0 -> 0 | L13: =IFERROR(VLOOKUP(Tabla1[[#This Row],[DNI]],Hoja3!B:G,5,0),0) -> 0 | M13: =IFERROR(VLOOKUP(Tabla1[[#This Row],[DNI]],Hoja3!B:G,6,0),0) -> 1437 | N13: =IFERROR(VLOOKUP(Tabla1[[#This Row],[DNI]],Hoja2!A:C,3,0),0) -> 8
... A1677: PBD | B1677: LIMA | C1677: HC EMO MERCADO | D1677: 77695986 | E1677: 202408 | F1677: 15 | G1677: 7 | H1677: =IFERROR(VLOOKUP(Tabla1[[#This Row],[DNI]],Hoja3!B:G,2,0),0) -> 0 | I1677: =IFERROR(VLOOKUP(Tabla1[[#This Row],[DNI]],Hoja3!B:G,3,0),0) -> 0 | J1677: =IFERROR(VLOOKUP(Tabla1[[#This Row],[DNI]],Hoja3!B:G,4,0),0) -> 0 | K1677: =0 -> 0 | L1677: =IFERROR(VLOOKUP(Tabla1[[#This Row],[DNI]],Hoja3!B:G,5,0),0) -> 0 | M1677: =IFERROR(VLOOKUP(Tabla1[[#This Row],[DNI]],Hoja3!B:G,6,0),0) -> 0 | N1677: =IFERROR(VLOOKUP(Tabla1[[#This Row],[DNI]],Hoja2!A:C,3,0),0) -> 0

Sheet Hoja3
A1: MEDIO | B1: (Varios elementos)
A2: PERIODO ACTIVIDAD | B2: 202408
A4: Suma de MONTO | C4: TIPO
A5: CANAL CORRECTO | B5: DNI | C5: ACELERADOR | D5: PLANILLA | E5: BONO | F5: CALIDAD | G5: Total general
A6: DAE | B6: 005211862 | C6: 3530 | D6: 4746 | E6: 0 | F6: 0 | G6: 8276
A7: DAE | B7: 005077995 | C7: 3532 | D7: 4686 | E7: 0 | F7: 0 | G7: 8218
A8: DAE | B8: 62002223 | C8: 2270 | D8: 3920 | E8: 0 | F8: 0 | G8: 6190
A9: DAE | B9: 41169937 | C9: 1818 | D9: 3801 | E9: 0 | F9: 0 | G9: 5619
A10: DAE | B10: 46053693 | C10: 1294 | D10: 4104 | E10: 0 | F10: 0 | G10: 5398
A11: DAE | B11: 003197405 | C11: 1428 | D11: 3761 | E11: 0 | F11: 0 | G11: 5189
A12: DAE | B12: 76159806 | C12: 927 | D12: 3792 | E12: 0 | F12: 0 | G12: 4719
A13: DAE | B13: 40098138 | C13: 1230 | D13: 3486 | E13: 0 | F13: 0 | G13: 4716
A14: DAE | B14: 76774313 | C14: 1715 | D14: 2974 | E14: 0 | F14: 0 | G14: 4689
A15: DAE | B15: 23989430 | C15: 500 | D15: 4140 | E15: 0 | F15: 0 | G15: 4640
A16: DAE | B16: 46533458 | C16: 1385 | D16: 3170 | E16: 0 | F16: 0 | G16: 4555
A17: DAE | B17: 47428279 | C17: 755 | D17: 3747 | E17: 0 | F17: 0 | G17: 4502
... A381: DAE | B381: 001308316 | C381: 50 | D381: 220 | E381: 0 | F381: 0 | G381: 270
A382: DAE | B382: 40587485 | C382: 0 | D382: 268 | E382: 0 | F382: 0 | G382: 268
A383: DAE | B383: 025669543 | C383: 55 | D383: 209 | E383: 0 | F383: 0 | G383: 264
A384: DAE | B384: 76516043 | C384: 50 | D384: 209 | E384: 0 | F384: 0 | G384: 259
A385: DAE | B385: 00120406 | C385: 90 | D385: 160 | E385: 0 | F385: 0 | G385: 250
A386: DAE | B386: 75064228 | C386: 20 | D386: 215 | E386: 0 | F386: 0 | G386: 235
A387: DAE | B387: 76243488 | C387: 60 | D387: 170 | E387: 0 | F387: 0 | G387: 230
A388: DAE | B388: 74414818 | C388: 80 | D388: 150 | E388: 0 | F388: 0 | G388: 230
A389: DAE | B389: 44005119 | C389: 140 | D389: 88 | E389: 0 | F389: 0 | G389: 228
A390: DAE | B390: 42256544 | C390: 222 | D390: 0 | E390: 0 | F390: 0 | G390: 222
A391: DAE | B391: 41190222 | C391: 0 | D391: 218 | E391: 0 | F391: 0 | G391: 218
A392: DAE | B392: 43939018 | C392: 0 | D392: 215 | E392: 0 | F392: 0 | G392: 215
A393: DAE | B393: 75672961 | C393: 0 | D393: 210 | E393: 0 | F393: 0 | G393: 210
A394: DAE | B394: 44854927 | C394: 50 | D394: 160 | E394: 0 | F394: 0 | G394: 210
... A488: DAE | B488: 80078619 | C488: 0 | D488: 50 | E488: 0 | F488: 0 | G488: 50
A489: DAE | B489: 73425975 | C489: 50 | D489: 0 | E489: 0 | F489: 0 | G489: 50
A490: DAE | B490: 44986566 | C490: 50 | D490: 0 | E490: 0 | F490: 0 | G490: 50
A491: DAE | B491: 000921136 | C491: 50 | D491: 0 | E491: 0 | F491: 0 | G491: 50
A492: DAE | B492: 45715098 | C492: 0 | D492: 50 | E492: 0 | F492: 0 | G492: 50
A493: DAE | B493: 03682196 | C493: 0 | D493: 50 | E493: 0 | F493: 0 | G493: 50
A494: DAE | B494: 46251296 | C494: 0 | D494: 48 | E494: 0 | F494: 0 | G494: 48
A495: DAE | B495: 70230196 | C495: 0 | D495: 40 | E495: 0 | F495: 0 | G495: 40
A496: DAE | B496: 74978767 | C496: 20 | D496: 20 | E496: 0 | F496: 0 | G496: 40
A497: DAE | B497: 76936225 | C497: 0 | D497: 40 | E497: 0 | F497: 0 | G497: 40
A498: DAE | B498: 74962781 | C498: 0 | D498: 40 | E498: 0 | F498: 0 | G498: 40
A499: DAE | B499: 41948854 | C499: 40 | D499: 0 | E499: 0 | F499: 0 | G499: 40
A500: DAE | B500: 44410818 | C500: 40 | D500: 0 | E500: 0 | F500: 0 | G500: 40
A501: DAE | B501: 45760826 | C501: 0 | D501: 40 | E501: 0 | F501: 0 | G501: 40
... A935: FULL PREPAGO DAE | B935: 77818578 | C935: 130 | D935: 149 | E935: 0 | F935: 0 | G935: 279
A936: FULL PREPAGO DAE | B936: 47825374 | C936: 0 | D936: 258.4 | E936: 0 | F936: 0 | G936: 258.4
A937: FULL PREPAGO DAE | B937: 77906824 | C937: 150 | D937: 76 | E937: 0 | F937: 0 | G937: 226
A938: FULL PREPAGO DAE | B938: 44470741 | C938: 0 | D938: 220 | E938: 0 | F938: 0 | G938: 220
A939: FULL PREPAGO DAE | B939: 47913356 | C939: 100 | D939: 112 | E939: 0 | F939: 0 | G939: 212
A940: FULL PREPAGO DAE | B940: 44165603 | C940: 60 | D940: 146 | E940: 0 | F940: 0 | G940: 206
A941: FULL PREPAGO DAE | B941: 47574644 | C941: 200 | D941: 0 | E941: 0 | F941: 0 | G941: 200
A942: FULL PREPAGO DAE | B942: 75073722 | C942: 200 | D942: 0 | E942: 0 | F942: 0 | G942: 200
A943: FULL PREPAGO DAE | B943: 41077540 | C943: 120 | D943: 78 | E943: 0 | F943: 0 | G943: 198
A944: FULL PREPAGO DAE | B944: 47326451 | C944: 180 | D944: 11 | E944: 0 | F944: 0 | G944: 191
A945: FULL PREPAGO DAE | B945: 75826617 | C945: 190 | D945: 0 | E945: 0 | F945: 0 | G945: 190
A946: FULL PREPAGO DAE | B946: 45524325 | C946: 180 | D946: 0 | E946: 0 | F946: 0 | G946: 180
A947: FULL PREPAGO DAE | B947: 45390925 | C947: 110 | D947: 70 | E947: 0 | F947: 0 | G947: 180
A948: FULL PREPAGO DAE | B948: 70030506 | C948: 170 | D948: 0 | E948: 0 | F948: 0 | G948: 170
... A1000: FULL PREPAGO DAE | B1000: 004475448 | C1000: 60 | D1000: 11 | E1000: 0 | F1000: 0 | G1000: 71
A1001: FULL PREPAGO DAE | B1001: 48568104 | C1001: 70 | D1001: 0 | E1001: 0 | F1001: 0 | G1001: 70
A1002: FULL PREPAGO DAE | B1002: 42195379 | C1002: 70 | D1002: 0 | E1002: 0 | F1002: 0 | G1002: 70
A1003: FULL PREPAGO DAE | B1003: 70981224 | C1003: 70 | D1003: 0 | E1003: 0 | F1003: 0 | G1003: 70
A1004: FULL PREPAGO DAE | B1004: 71981318 | C1004: 0 | D1004: 70 | E1004: 0 | F1004: 0 | G1004: 70
A1005: FULL PREPAGO DAE | B1005: 47087374 | C1005: 70 | D1005: 0 | E1005: 0 | F1005: 0 | G1005: 70
A1006: FULL PREPAGO DAE | B1006: 73439578 | C1006: 0 | D1006: 64 | E1006: 0 | F1006: 0 | G1006: 64
A1007: FULL PREPAGO DAE | B1007: 72922038 | C1007: 0 | D1007: 64 | E1007: 0 | F1007: 0 | G1007: 64
A1008: FULL PREPAGO DAE | B1008: 60148960 | C1008: 52 | D1008: 11 | E1008: 0 | F1008: 0 | G1008: 63
A1009: FULL PREPAGO DAE | B1009: 71589907 | C1009: 40 | D1009: 22 | E1009: 0 | F1009: 0 | G1009: 62
A1010: FULL PREPAGO DAE | B1010: 75829645 | C1010: 60 | D1010: 0 | E1010: 0 | F1010: 0 | G1010: 60
A1011: FULL PREPAGO DAE | B1011: 45470093 | C1011: 60 | D1011: 0 | E1011: 0 | F1011: 0 | G1011: 60
A1012: FULL PREPAGO DAE | B1012: 76976187 | C1012: 60 | D1012: 0 | E1012: 0 | F1012: 0 | G1012: 60
A1013: FULL PREPAGO DAE | B1013: 74026609 | C1013: 60 | D1013: 0 | E1013: 0 | F1013: 0 | G1013: 60
A1014: FULL PREPAGO DAE | B1014: 76400559 | C1014: 60 | D1014: 0 | E1014: 0 | F1014: 0 | G1014: 60
... A1016: FULL PREPAGO DAE | B1016: 41854617 | C1016: 0 | D1016: 55 | E1016: 0 | F1016: 0 | G1016: 55
A1017: FULL PREPAGO DAE | B1017: 20048556 | C1017: 0 | D1017: 55 | E1017: 0 | F1017: 0 | G1017: 55
A1018: FULL PREPAGO DAE | B1018: 45537358 | C1018: 0 | D1018: 55 | E1018: 0 | F1018: 0 | G1018: 55
A1019: FULL PREPAGO DAE | B1019: 76286425 | C1019: 20 | D1019: 35 | E1019: 0 | F1019: 0 | G1019: 55
A1020: FULL PREPAGO DAE | B1020: 47395906 | C1020: 0 | D1020: 54 | E1020: 0 | F1020: 0 | G1020: 54
A1021: FULL PREPAGO DAE | B1021: 72297809 | C1021: 0 | D1021: 54 | E1021: 0 | F1021: 0 | G1021: 54
A1022: FULL PREPAGO DAE | B1022: 72484769 | C1022: 52 | D1022: 0 | E1022: 0 | F1022: 0 | G1022: 52
A1023: FULL PREPAGO DAE | B1023: 71516184 | C1023: 0 | D1023: 51 | E1023: 0 | F1023: 0 | G1023: 51
A1024: FULL PREPAGO DAE | B1024: 47851289 | C1024: 0 | D1024: 49 | E1024: 0 | F1024: 0 | G1024: 49
A1025: FULL PREPAGO DAE | B1025: 004916215 | C1025: 48 | D1025: 0 | E1025: 0 | F1025: 0 | G1025: 48
A1026: FULL PREPAGO DAE | B1026: 004733968 | C1026: 0 | D1026: 46 | E1026: 0 | F1026: 0 | G1026: 46
A1027: FULL PREPAGO DAE | B1027: 47889786 | C1027: 44 | D1027: 0 | E1027: 0 | F1027: 0 | G1027: 44
A1028: FULL PREPAGO DAE | B1028: 02864780 | C1028: 44 | D1028: 0 | E1028: 0 | F1028: 0 | G1028: 44
A1029: FULL PREPAGO DAE | B1029: 60140009 | C1029: 0 | D1029: 44 | E1029: 0 | F1029: 0 | G1029: 44
... A1077: FULL PREPAGO DAE | B1077: 76502846 | C1077: 0 | D1077: 16 | E1077: 0 | F1077: 0 | G1077: 16
A1078: FULL PREPAGO DAE | B1078: 77271319 | C1078: 15 | D1078: 0 | E1078: 0 | F1078: 0 | G1078: 15
A1079: FULL PREPAGO DAE | B1079: 71555826 | C1079: 0 | D1079: 12 | E1079: 0 | F1079: 0 | G1079: 12
A1080: FULL PREPAGO DAE | B1080: 75383854 | C1080: 0 | D1080: 11 | E1080: 0 | F1080: 0 | G1080: 11
A1081: FULL PREPAGO DAE | B1081: 60855862 | C1081: 0 | D1081: 11 | E1081: 0 | F1081: 0 | G1081: 11
A1082: FULL PREPAGO DAE | B1082: 76446319 | C1082: 0 | D1082: 11 | E1082: 0 | F1082: 0 | G1082: 11
A1083: FULL PREPAGO DAE | B1083: 73198574 | C1083: 0 | D1083: 11 | E1083: 0 | F1083: 0 | G1083: 11
A1084: FULL PREPAGO DAE | B1084: 72680833 | C1084: 0 | D1084: 11 | E1084: 0 | F1084: 0 | G1084: 11
A1085: FULL PREPAGO DAE | B1085: 70287055 | C1085: 0 | D1085: 11 | E1085: 0 | F1085: 0 | G1085: 11
A1086: FULL PREPAGO DAE | B1086: 25709246 | C1086: 0 | D1086: 11 | E1086: 0 | F1086: 0 | G1086: 11
A1087: FULL PREPAGO DAE | B1087: 73643140 | C1087: 0 | D1087: 11 | E1087: 0 | F1087: 0 | G1087: 11
A1088: FULL PREPAGO DAE | B1088: 60833603 | C1088: 0 | D1088: 11 | E1088: 0 | F1088: 0 | G1088: 11
A1089: FULL PREPAGO DAE | B1089: 48087410 | C1089: 0 | D1089: 11 | E1089: 0 | F1089: 0 | G1089: 11
...

Sheet Hoja2
A1: LOGIN | B1: TIPO FINAL | C1: Suma de SS
A2: 000010940 | B2: PDV | C2: 0
A3: 000056828 | B3: FULL PREPAGO DAE | C3: 0
A4: 000065472 | B4: PDV | C4: 0
A5: 000096588 | B5: PDV | C5: 0
A6: 000136699 | B6: PDV | C6: 0
A7: 000138455 | B7: PDV | C7: 0
A8: 000149452 | B8: FULL PREPAGO DAE | C8: 0
A9: 000159738 | B9: PDV | C9: 0
A10: 000204444 | B10: PDV | C10: 2
A11: 000212751 | B11: PDV | C11: 0
A12: 000237276 | B12: DAE | C12: 10
A13: 000303722 | B13: PDV | C13: 0
... A11086: 91690730 | B11086: FULL PREPAGO DAE | C11086: 0
