Workbook

Sheet Hoja1
A1: SSNN FINAL | B1: DEPARTAMENTO | C1: TIPO | D1: DNI | E1: MES | F1: QVENTAS | G1: Urs | H1: ACELERADOR | I1: PLANILLA | J1: BONO | K1: CAMPAÑA | L1: OTROS | M1: PAGO TOTAL | N1: SS
A2: PBD | B2: LIMA | C2: DESARROLLADOR | D2: 76780824 | E2: 202409 | F2: 42 | G2: 23 | H2: =IFERROR(VLOOKUP(D2,Hoja2!B:H,2,0),0) -> 20 | I2: =IFERROR(VLOOKUP(D2,Hoja2!B:H,3,0),0) -> 0 | J2: =IFERROR(VLOOKUP(D2,Hoja2!B:H,4,0),0) -> 0 | K2: =IFERROR(VLOOKUP(D2,Hoja2!B:H,5,0),0) -> 0 | L2: =0 -> 0 | M2: =IFERROR(VLOOKUP(D2,Hoja2!B:H,6,0),0) -> 20 | N2: =VLOOKUP(Tabla1[[#This Row],[DNI]],[1]Export!$A:$B,2,0) -> 2
A3: PBD | B3: LIMA | C3: DESARROLLADOR | D3: 45840759 | E3: 202409 | F3: 231 | G3: 109 | H3: =IFERROR(VLOOKUP(D3,Hoja2!B:H,2,0),0) -> 0 | I3: =IFERROR(VLOOKUP(D3,Hoja2!B:H,3,0),0) -> 1759 | J3: =IFERROR(VLOOKUP(D3,Hoja2!B:H,4,0),0) -> 0 | K3: =IFERROR(VLOOKUP(D3,Hoja2!B:H,5,0),0) -> 0 | L3: =0 -> 0 | M3: =IFERROR(VLOOKUP(D3,Hoja2!B:H,6,0),0) -> 1759 | N3: =VLOOKUP(Tabla1[[#This Row],[DNI]],[1]Export!$A:$B,2,0) -> 14
A4: PBD | B4: LIMA | C4: DESARROLLADOR | D4: 80311788 | E4: 202409 | F4: 279 | G4: 138 | H4: =IFERROR(VLOOKUP(D4,Hoja2!B:H,2,0),0) -> 144 | I4: =IFERROR(VLOOKUP(D4,Hoja2!B:H,3,0),0) -> 0 | J4: =IFERROR(VLOOKUP(D4,Hoja2!B:H,4,0),0) -> 0 | K4: =IFERROR(VLOOKUP(D4,Hoja2!B:H,5,0),0) -> 0 | L4: =0 -> 0 | M4: =IFERROR(VLOOKUP(D4,Hoja2!B:H,6,0),0) -> 144 | N4: =VLOOKUP(Tabla1[[#This Row],[DNI]],[1]Export!$A:$B,2,0) -> 9
A5: GRUPO CAYAO | B5: LIMA | C5: DESARROLLADOR | D5: 45979464 | E5: 202409 | F5: 323 | G5: 82 | H5: =IFERROR(VLOOKUP(D5,Hoja2!B:H,2,0),0) -> 460 | I5: =IFERROR(VLOOKUP(D5,Hoja2!B:H,3,0),0) -> 0 | J5: =IFERROR(VLOOKUP(D5,Hoja2!B:H,4,0),0) -> 0 | K5: =IFERROR(VLOOKUP(D5,Hoja2!B:H,5,0),0) -> 0 | L5: =0 -> 0 | M5: =IFERROR(VLOOKUP(D5,Hoja2!B:H,6,0),0) -> 460 | N5: =VLOOKUP(Tabla1[[#This Row],[DNI]],[1]Export!$A:$B,2,0) -> 18
A6: GRUPO CAYAO | B6: LIMA | C6: DESARROLLADOR | D6: 42193964 | E6: 202409 | F6: 376 | G6: 91 | H6: =IFERROR(VLOOKUP(D6,Hoja2!B:H,2,0),0) -> 681 | I6: =IFERROR(VLOOKUP(D6,Hoja2!B:H,3,0),0) -> 0 | J6: =IFERROR(VLOOKUP(D6,Hoja2!B:H,4,0),0) -> 0 | K6: =IFERROR(VLOOKUP(D6,Hoja2!B:H,5,0),0) -> 0 | L6: =0 -> 0 | M6: =IFERROR(VLOOKUP(D6,Hoja2!B:H,6,0),0) -> 681 | N6: =VLOOKUP(Tabla1[[#This Row],[DNI]],[1]Export!$A:$B,2,0) -> 21
A7: GRUPO CAYAO | B7: LIMA | C7: DESARROLLADOR | D7: 41783721 | E7: 202409 | F7: 354 | G7: 75 | H7: =IFERROR(VLOOKUP(D7,Hoja2!B:H,2,0),0) -> 520 | I7: =IFERROR(VLOOKUP(D7,Hoja2!B:H,3,0),0) -> 0 | J7: =IFERROR(VLOOKUP(D7,Hoja2!B:H,4,0),0) -> 0 | K7: =IFERROR(VLOOKUP(D7,Hoja2!B:H,5,0),0) -> 0 | L7: =0 -> 0 | M7: =IFERROR(VLOOKUP(D7,Hoja2!B:H,6,0),0) -> 520 | N7: =VLOOKUP(Tabla1[[#This Row],[DNI]],[1]Export!$A:$B,2,0) -> 20
A8: PBD | B8: LIMA | C8: DESARROLLADOR | D8: 45096335 | E8: 202409 | F8: 191 | G8: 79 | H8: =IFERROR(VLOOKUP(D8,Hoja2!B:H,2,0),0) -> 0 | I8: =IFERROR(VLOOKUP(D8,Hoja2!B:H,3,0),0) -> 1482 | J8: =IFERROR(VLOOKUP(D8,Hoja2!B:H,4,0),0) -> 0 | K8: =IFERROR(VLOOKUP(D8,Hoja2!B:H,5,0),0) -> 0 | L8: =0 -> 0 | M8: =IFERROR(VLOOKUP(D8,Hoja2!B:H,6,0),0) -> 1482 | N8: =VLOOKUP(Tabla1[[#This Row],[DNI]],[1]Export!$A:$B,2,0) -> 13
A9: GRUPO CAYAO | B9: CAJAMARCA | C9: DESARROLLADOR | D9: 73647869 | E9: 202409 | F9: 313 | G9: 91 | H9: =IFERROR(VLOOKUP(D9,Hoja2!B:H,2,0),0) -> 180 | I9: =IFERROR(VLOOKUP(D9,Hoja2!B:H,3,0),0) -> 0 | J9: =IFERROR(VLOOKUP(D9,Hoja2!B:H,4,0),0) -> 0 | K9: =IFERROR(VLOOKUP(D9,Hoja2!B:H,5,0),0) -> 0 | L9: =0 -> 0 | M9: =IFERROR(VLOOKUP(D9,Hoja2!B:H,6,0),0) -> 180 | N9: =VLOOKUP(Tabla1[[#This Row],[DNI]],[1]Export!$A:$B,2,0) -> 25
A10: PBD | B10: LIMA | C10: DESARROLLADOR | D10: 136017280 | E10: 202409 | F10: 166 | G10: 51 | H10: =IFERROR(VLOOKUP(D10,Hoja2!B:H,2,0),0) -> 240 | I10: =IFERROR(VLOOKUP(D10,Hoja2!B:H,3,0),0) -> 0 | J10: =IFERROR(VLOOKUP(D10,Hoja2!B:H,4,0),0) -> 0 | K10: =IFERROR(VLOOKUP(D10,Hoja2!B:H,5,0),0) -> 0 | L10: =0 -> 0 | M10: =IFERROR(VLOOKUP(D10,Hoja2!B:H,6,0),0) -> 240 | N10: =VLOOKUP(Tabla1[[#This Row],[DNI]],[1]Export!$A:$B,2,0) -> 8
A11: PBD | B11: LIMA | C11: DESARROLLADOR | D11: 002337284 | E11: 202409 | F11: 127 | G11: 47 | H11: =IFERROR(VLOOKUP(D11,Hoja2!B:H,2,0),0) -> 60 | I11: =IFERROR(VLOOKUP(D11,Hoja2!B:H,3,0),0) -> 0 | J11: =IFERROR(VLOOKUP(D11,Hoja2!B:H,4,0),0) -> 0 | K11: =IFERROR(VLOOKUP(D11,Hoja2!B:H,5,0),0) -> 0 | L11: =0 -> 0 | M11: =IFERROR(VLOOKUP(D11,Hoja2!B:H,6,0),0) -> 60 | N11: =VLOOKUP(Tabla1[[#This Row],[DNI]],[1]Export!$A:$B,2,0) -> 9
A12: PBD | B12: LIMA | C12: DESARROLLADOR | D12: 44188901 | E12: 202409 | F12: 2 | G12: 0 | H12: =IFERROR(VLOOKUP(D12,Hoja2!B:H,2,0),0) -> 0 | I12: =IFERROR(VLOOKUP(D12,Hoja2!B:H,3,0),0) -> 5 | J12: =IFERROR(VLOOKUP(D12,Hoja2!B:H,4,0),0) -> 0 | K12: =IFERROR(VLOOKUP(D12,Hoja2!B:H,5,0),0) -> 0 | L12: =0 -> 0 | M12: =IFERROR(VLOOKUP(D12,Hoja2!B:H,6,0),0) -> 5 | N12: =VLOOKUP(Tabla1[[#This Row],[DNI]],[1]Export!$A:$B,2,0) -> 0
A13: GRUPO CAYAO | B13: LIMA | C13: DESARROLLADOR | D13: 728656000 | E13: 202409 | F13: 95 | G13: 45 | H13: =IFERROR(VLOOKUP(D13,Hoja2!B:H,2,0),0) -> 40 | I13: =IFERROR(VLOOKUP(D13,Hoja2!B:H,3,0),0) -> 0 | J13: =IFERROR(VLOOKUP(D13,Hoja2!B:H,4,0),0) -> 0 | K13: =IFERROR(VLOOKUP(D13,Hoja2!B:H,5,0),0) -> 0 | L13: =0 -> 0 | M13: =IFERROR(VLOOKUP(D13,Hoja2!B:H,6,0),0) -> 40 | N13: =VLOOKUP(Tabla1[[#This Row],[DNI]],[1]Export!$A:$B,2,0) -> 3
... A1613: TVOLUTION | B1613: CUSCO | C1613: DESARROLLADOR | D1613: 42482636 | E1613: 202409 | F1613: 5 | G1613: 3 | H1613: =IFERROR(VLOOKUP(D1613,Hoja2!B:H,2,0),0) -> 0 | I1613: =IFERROR(VLOOKUP(D1613,Hoja2!B:H,3,0),0) -> 0 | J1613: =IFERROR(VLOOKUP(D1613,Hoja2!B:H,4,0),0) -> 0 | K1613: =IFERROR(VLOOKUP(D1613,Hoja2!B:H,5,0),0) -> 0 | L1613: =0 -> 0 | M1613: =IFERROR(VLOOKUP(D1613,Hoja2!B:H,6,0),0) -> 0 | N1613: =VLOOKUP(Tabla1[[#This Row],[DNI]],[1]Export!$A:$B,2,0) -> #N/A

Sheet Hoja2
A1: MEDIO | B1: (Varios elementos)
A2: PERIODO ACTIVIDAD | B2: 202409
A4: Suma de MONTO
A5: TIPO - CANAL | B5: DNI | C5: ACELERADOR | D5: PLANILLA | E5: BONO | F5: CAMPAÑA | G5: Total general
A6: DAE | B6: 2818076 | C6: 40 | D6: 0 | E6: 0 | F6: 0 | G6: 40
A7: DAE | B7: 3682196 | C7: 40 | D7: 0 | E7: 0 | F7: 0 | G7: 40
A8: DAE | B8: 5336035 | C8: 52 | D8: 0 | E8: 0 | F8: 0 | G8: 52
A9: DAE | B9: 10638291 | C9: 52 | D9: 0 | E9: 0 | F9: 0 | G9: 52
A10: DAE | B10: 16774320 | C10: 52 | D10: 0 | E10: 0 | F10: 0 | G10: 52
A11: DAE | B11: 24772669 | C11: 80 | D11: 0 | E11: 0 | F11: 0 | G11: 80
A12: DAE | B12: 40386832 | C12: 40 | D12: 0 | E12: 0 | F12: 0 | G12: 40
A13: DAE | B13: 41489015 | C13: 52 | D13: 0 | E13: 0 | F13: 0 | G13: 52
A14: DAE | B14: 41772284 | C14: 52 | D14: 0 | E14: 0 | F14: 0 | G14: 52
A15: DAE | B15: 41863329 | C15: 40 | D15: 0 | E15: 0 | F15: 0 | G15: 40
A16: DAE | B16: 43245119 | C16: 40 | D16: 0 | E16: 0 | F16: 0 | G16: 40
A17: DAE | B17: 43447567 | C17: 70 | D17: 0 | E17: 0 | F17: 0 | G17: 70
... A86: DAE | B86: 80109136 | C86: 52 | D86: 0 | E86: 0 | F86: 0 | G86: 52
A87: DAE | B87: 000237276 | C87: 594 | D87: 1419 | E87: 0 | F87: 0 | G87: 2013
A88: DAE | B88: 000409961 | C88: 780 | D88: 1766 | E88: 0 | F88: 0 | G88: 2546
A89: DAE | B89: 000622795 | C89: 0 | D89: 0 | E89: 0 | F89: 72 | G89: 72
A90: DAE | B90: 000921136 | C90: 108 | D90: 0 | E90: 0 | F90: 0 | G90: 108
A91: DAE | B91: 000957881 | C91: 0 | D91: 2610 | E91: 0 | F91: 0 | G91: 2610
A92: DAE | B92: 001166265 | C92: 0 | D92: 765 | E92: 0 | F92: 0 | G92: 765
A93: DAE | B93: 00120406 | C93: 20 | D93: 265 | E93: 0 | F93: 0 | G93: 285
A94: DAE | B94: 001215616 | C94: 0 | D94: 60 | E94: 0 | F94: 0 | G94: 60
A95: DAE | B95: 001308316 | C95: 0 | D95: 50 | E95: 0 | F95: 0 | G95: 50
A96: DAE | B96: 001523250 | C96: 0 | D96: 94 | E96: 0 | F96: 66 | G96: 160
A97: DAE | B97: 001756972 | C97: 1108 | D97: 2370 | E97: 0 | F97: 0 | G97: 3478
A98: DAE | B98: 001761361 | C98: 405 | D98: 275 | E98: 0 | F98: 0 | G98: 680
... A727: DESARROLLADOR | B727: 80311788 | C727: 0 | D727: 520 | E727: 0 | F727: 0 | G727: 520
A728: DESARROLLADOR E2 | B728: 41337882 | C728: 52 | D728: 0 | E728: 0 | F728: 0 | G728: 52
A729: DESARROLLADOR E2 | B729: 45096335 | C729: 63 | D729: 0 | E729: 0 | F729: 0 | G729: 63
A730: DESARROLLADOR E2 | B730: 45979464 | C730: 63 | D730: 0 | E730: 0 | F730: 0 | G730: 63
A731: DESARROLLADOR E2 | B731: 60730674 | C731: 52 | D731: 0 | E731: 0 | F731: 0 | G731: 52
A732: DESARROLLADOR E2 | B732: 61876416 | C732: 40 | D732: 0 | E732: 0 | F732: 0 | G732: 40
A733: DESARROLLADOR E2 | B733: 70030505 | C733: 63 | D733: 0 | E733: 0 | F733: 0 | G733: 63
A734: DESARROLLADOR E2 | B734: 77124724 | C734: 52 | D734: 0 | E734: 0 | F734: 0 | G734: 52
A735: DESARROLLADOR E2 | B735: 80311788 | C735: 40 | D735: 0 | E735: 0 | F735: 0 | G735: 40
A736: DESARROLLADOR E2 | B736: 001756174 | C736: 236 | D736: 0 | E736: 0 | F736: 0 | G736: 236
A737: DESARROLLADOR E2 | B737: 002263787 | C737: 533 | D737: 0 | E737: 0 | F737: 0 | G737: 533
A738: DESARROLLADOR E2 | B738: 002337284 | C738: 155 | D738: 0 | E738: 0 | F738: 0 | G738: 155
A739: DESARROLLADOR E2 | B739: 00247669 | C739: 147 | D739: 0 | E739: 0 | F739: 0 | G739: 147
A740: DESARROLLADOR E2 | B740: 006209217 | C740: 188 | D740: 0 | E740: 0 | F740: 0 | G740: 188
A741: DESARROLLADOR E2 | B741: 07339926 | C741: 321 | D741: 0 | E741: 0 | F741: 0 | G741: 321
A742: DESARROLLADOR E2 | B742: 136017280 | C742: 326 | D742: 0 | E742: 0 | F742: 0 | G742: 326
A743: DESARROLLADOR E2 | B743: 40098148 | C743: 45 | D743: 0 | E743: 0 | F743: 0 | G743: 45
A744: DESARROLLADOR E2 | B744: 41337882 | C744: 334 | D744: 0 | E744: 0 | F744: 0 | G744: 334
A745: DESARROLLADOR E2 | B745: 41632259 | C745: 946 | D745: 0 | E745: 0 | F745: 0 | G745: 946
A746: DESARROLLADOR E2 | B746: 41783721 | C746: 698 | D746: 0 | E746: 0 | F746: 0 | G746: 698
A747: DESARROLLADOR E2 | B747: 42000873 | C747: 556 | D747: 0 | E747: 0 | F747: 0 | G747: 556
... A786: DESARROLLADOR E2 | B786: 80311788 | C786: 368 | D786: 0 | E786: 0 | F786: 0 | G786: 368
A787: FULL PREPAGO DAE | B787: 2878328 | C787: 52 | D787: 0 | E787: 0 | F787: 0 | G787: 52
A788: FULL PREPAGO DAE | B788: 3882475 | C788: 49 | D788: 0 | E788: 0 | F788: 0 | G788: 49
A789: FULL PREPAGO DAE | B789: 19232504 | C789: 40 | D789: 0 | E789: 0 | F789: 0 | G789: 40
A790: FULL PREPAGO DAE | B790: 20048556 | C790: 70 | D790: 0 | E790: 0 | F790: 0 | G790: 70
A791: FULL PREPAGO DAE | B791: 29732343 | C791: 49 | D791: 0 | E791: 0 | F791: 0 | G791: 49
A792: FULL PREPAGO DAE | B792: 41575421 | C792: 70 | D792: 0 | E792: 0 | F792: 0 | G792: 70
A793: FULL PREPAGO DAE | B793: 41733766 | C793: 40 | D793: 0 | E793: 0 | F793: 0 | G793: 40
A794: FULL PREPAGO DAE | B794: 42054250 | C794: 52 | D794: 0 | E794: 0 | F794: 0 | G794: 52
A795: FULL PREPAGO DAE | B795: 42313227 | C795: 40 | D795: 0 | E795: 0 | F795: 0 | G795: 40
A796: FULL PREPAGO DAE | B796: 42706099 | C796: 52 | D796: 0 | E796: 0 | F796: 0 | G796: 52
A797: FULL PREPAGO DAE | B797: 42941950 | C797: 52 | D797: 0 | E797: 0 | F797: 0 | G797: 52
A798: FULL PREPAGO DAE | B798: 43356552 | C798: 52 | D798: 0 | E798: 0 | F798: 0 | G798: 52
... A861: FULL PREPAGO DAE | B861: 78802752 | C861: 73 | D861: 0 | E861: 0 | F861: 0 | G861: 73
A862: FULL PREPAGO DAE | B862: 000056828 | C862: 133 | D862: 0 | E862: 0 | F862: 0 | G862: 133
A863: FULL PREPAGO DAE | B863: 000149452 | C863: 382 | D863: 784 | E863: 0 | F863: 0 | G863: 1166
A864: FULL PREPAGO DAE | B864: 000707710 | C864: 0 | D864: 0 | E864: 0 | F864: 230 | G864: 230
A865: FULL PREPAGO DAE | B865: 001027564 | C865: 417 | D865: 380 | E865: 0 | F865: 0 | G865: 797
A866: FULL PREPAGO DAE | B866: 001360346 | C866: 148 | D866: 176 | E866: 0 | F866: 0 | G866: 324
A867: FULL PREPAGO DAE | B867: 001560327 | C867: 0 | D867: 11 | E867: 0 | F867: 0 | G867: 11
A868: FULL PREPAGO DAE | B868: 001651060 | C868: 472 | D868: 2064 | E868: 0 | F868: 0 | G868: 2536
A869: FULL PREPAGO DAE | B869: 001873412 | C869: 0 | D869: 22 | E869: 0 | F869: 0 | G869: 22
A870: FULL PREPAGO DAE | B870: 002061984 | C870: 386 | D870: 1635 | E870: 0 | F870: 0 | G870: 2021
A871: FULL PREPAGO DAE | B871: 002262244 | C871: 851 | D871: 1728 | E871: 0 | F871: 0 | G871: 2579
A872: FULL PREPAGO DAE | B872: 00238309 | C872: 15 | D872: 0 | E872: 0 | F872: 0 | G872: 15
A873: FULL PREPAGO DAE | B873: 002416517 | C873: 356 | D873: 2243 | E873: 0 | F873: 0 | G873: 2599
... A1358: FULL PREPAGO DAE | B1358: 91690730 | C1358: 28 | D1358: 0 | E1358: 0 | F1358: 0 | G1358: 28
A1359: FULL PREPAGO DD | B1359: 41236305 | C1359: 40 | D1359: 0 | E1359: 0 | F1359: 0 | G1359: 40
A1360: FULL PREPAGO DD | B1360: 41438680 | C1360: 52 | D1360: 0 | E1360: 0 | F1360: 0 | G1360: 52
A1361: FULL PREPAGO DD | B1361: 44404757 | C1361: 40 | D1361: 0 | E1361: 0 | F1361: 0 | G1361: 40
A1362: FULL PREPAGO DD | B1362: 48180501 | C1362: 40 | D1362: 0 | E1362: 0 | F1362: 0 | G1362: 40
A1363: FULL PREPAGO DD | B1363: 002305636 | C1363: 136 | D1363: 0 | E1363: 0 | F1363: 0 | G1363: 136
A1364: FULL PREPAGO DD | B1364: 004294005 | C1364: 469 | D1364: 920 | E1364: 0 | F1364: 0 | G1364: 1389
A1365: FULL PREPAGO DD | B1365: 004332703 | C1365: 15 | D1365: 6 | E1365: 0 | F1365: 0 | G1365: 21
A1366: FULL PREPAGO DD | B1366: 004409454 | C1366: 232 | D1366: 1006 | E1366: 0 | F1366: 0 | G1366: 1238
A1367: FULL PREPAGO DD | B1367: 004449065 | C1367: 163 | D1367: 1080 | E1367: 0 | F1367: 0 | G1367: 1243
A1368: FULL PREPAGO DD | B1368: 005088135 | C1368: 209 | D1368: 6 | E1368: 0 | F1368: 0 | G1368: 215
A1369: FULL PREPAGO DD | B1369: 089518009 | C1369: 163 | D1369: 1040 | E1369: 0 | F1369: 0 | G1369: 1203
A1370: FULL PREPAGO DD | B1370: 16782344 | C1370: 120 | D1370: 155 | E1370: 0 | F1370: 0 | G1370: 275
A1371: FULL PREPAGO DD | B1371: 29622503 | C1371: 281 | D1371: 44 | E1371: 0 | F1371: 0 | G1371: 325
A1372: FULL PREPAGO DD | B1372: 41236305 | C1372: 395 | D1372: 496 | E1372: 0 | F1372: 0 | G1372: 891
A1373: FULL PREPAGO DD | B1373: 41438680 | C1373: 586 | D1373: 1426 | E1373: 0 | F1373: 0 | G1373: 2012
A1374: FULL PREPAGO DD | B1374: 42155274 | C1374: 40 | D1374: 0 | E1374: 0 | F1374: 0 | G1374: 40
... A1721: HC MONOMARCA | B1721: 80646789 | C1721: 15 | D1721: 0 | E1721: 0 | F1721: 0 | G1721: 15
A1722: Total general | C1722: 403413 | D1722: 1040318.8 | E1722: 2700 | F1722: 11313 | G1722: 1457744.8
